PIMCO ALL ASSET C,PASCX
PIMCO CA INTERMEDIATE MUNI BOND C,PCFCX
PIMCO CA SHORT DURATION MUNI INC C,PCSCX
PIMCO CALIFORNIA MUNICIPAL BOND C,PCTGX
PIMCO CAPITAL SEC & FINANCIALS C,PFCNX
PIMCO COMMODITIESPLUS STRATEGY C,PCPCX
PIMCO COMMODITY REAL RETURN STRAT C,PCRCX
PIMCO CONVERTIBLE C,PCCNX
PIMCO CREDIT ABSOLUTE RETURN C,PCCRX
PIMCO DIVERSIFIED INCOME C,PDICX
PIMCO EM FULL SPECTRUM BOND C,PFSIX
PIMCO EMERGING LOCAL BOND C,PELCX
PIMCO EMERGING MARKETS BOND C,PEBCX
PIMCO EMERGING MARKETS CORPORATE BOND C,PECCX
PIMCO EMERGING MARKETS CURRENCY C,PLMCX
PIMCO FLOATING INCOME C,PFNCX
PIMCO FOREIGN BOND (UNHEDGED) C,PFRCX
PIMCO FOREIGN BOND (USD-HEDGED) C,PFOCX
PIMCO GLOBAL ADVANTAGE STRATEGY BOND C,PAFCX
PIMCO GLOBAL BOND (USD-HEDGED)  C,PCIIX
PIMCO GLOBAL MULTI-ASSET A,PGMAX
PIMCO GLOBAL MULTI-ASSET C,PGMCX
PIMCO GNMA C,PCGNX
PIMCO GOVERNMENT MONEY MARKET  C,AMGXX
PIMCO HIGH YIELD C,PHDCX
PIMCO HIGH YIELD MUNICIPAL BOND C,PYMCX
PIMCO HIGH YIELD SPECTRUM C,PHSCX
PIMCO INFLATION RESPONSE MULTI-ASSET C,PCRMX
PIMCO INVESTMENT GRADE CORP BOND C,PBDCX
PIMCO LONG-TERM US GOVERNMENT C,PFGCX
PIMCO LOW DURATION C,PTLCX
PIMCO MONEY MARKET C,PKCXX
PIMCO MORTGAGE OPPORTUNITIES C,PMZCX
PIMCO MORTGAGE-BACKED SECURITIES C,PMRCX
PIMCO MULTI-STRATEGY ALTERNATIVE FUND C,PXACX
PIMCO MUNICIPAL BOND C,PMLCX
PIMCO NATL INTERMEDIATE MUNI BOND C,PMNNX
PIMCO NEW YORK MUNICIPAL BOND C,PBFCX
PIMCO RAE FUNDAMENTAL ADV PLUS A,PTFAX
PIMCO RAE FUNDAMENTAL ADV PLUS C,PTRCX
PIMCO RAE FUNDAMENTAL PLUS C,PIXCX
PIMCO RAE FUNDAMENTAL PLUS EMG C,PEFCX
PIMCO RAE FUNDAMENTAL PLUS INTL C,PTSKX
PIMCO RAE FUNDAMENTAL PLUS SMALL A,PCFAX
PIMCO RAE LOW VOL PLUS INTL C,PLVQX
PIMCO RAE LOW VOLATILITY PLUS C,POLVX
PIMCO RAE LOW VOLATILITY PLUS EMG C,PLVOX
PIMCO RAE WW FUNDAMENTAL ADV PLUS C,PWWCX
PIMCO RAE WW LONG/SHORT PLUS C,PWLCX
PIMCO REAL RETURN C,PRTCX
PIMCO REALPATH INCOME C,PTNCX
PIMCO REALPATH 2020 C,PTYCX
PIMCO REALPATH 2025 C,PENWX
PIMCO REALPATH 2030 C,PEHCX
PIMCO REALPATH 2035 C,PIVWX
PIMCO REALPATH 2040 C,POFCX
PIMCO REALPATH 2045 C,PFZCX
PIMCO REALPATH 2050 C,PFYCX
PIMCO REALPATH 2055 C,PQRCX
PIMCO SENIOR FLOATING RATE C,PSRWX
PIMCO SHORT DURATION MUNICIPAL INCOME C,PSDCX
PIMCO SHORT-TERM C,PFTCX
PIMCO STOCKS+ A,PSPAX
PIMCO STOCKSPLUS ABSOLUTE RETURN C,PSOCX
PIMCO STOCKSPLUS INTL (UNHEDGED) C,PPUCX
PIMCO STOCKSPLUS INTL (USD-HDG) C,PIPCX
PIMCO STOCKSPLUS SHORT C,PSSCX
PIMCO STOCKSPLUS SMALL C,PCKCX
PIMCO TOTAL RETURN IV C,PTUCX
PIMCO TRENDS MGD FUTURES STRAT C,PQTCX
PIMCO UNCONSTRAINED BOND C,PUBCX
PIMCO UNCONSTRAINED TAX MANAGED BOND C,ATMCX
